policy_id,customer_id,policy_number,vehicle,coverages,start_date,end_date,monthly_premium,status
1,1,POL18328,"{""brand"": ""Toyota"", ""model"": ""Style"", ""year"": 2000, ""license_plate"": ""ZCm9763"", ""color"": ""GreenYellow""}","[{""coverage"": ""liability"", ""max_value"": 50000, ""premium"": 10.96}, {""coverage"": ""collision"", ""max_value"": 100000, ""premium"": 24.18}]",2024-10-04,2025-10-04,35.14,active
2,1,POL78554,"{""brand"": ""Toyota"", ""model"": ""Between"", ""year"": 2007, ""license_plate"": ""gLG3968"", ""color"": ""Crimson""}","[{""coverage"": ""liability"", ""max_value"": 50000, ""premium"": 14.83}, {""coverage"": ""collision"", ""max_value"": 100000, ""premium"": 24.63}]",2025-03-03,2026-03-03,39.46,expired
3,1,POL75542,"{""brand"": ""Toyota"", ""model"": ""Understand"", ""year"": 2001, ""license_plate"": ""Ggg8339"", ""color"": ""SandyBrown""}","[{""coverage"": ""liability"", ""max_value"": 50000, ""premium"": 12.5}, {""coverage"": ""collision"", ""max_value"": 100000, ""premium"": 24.69}]",2023-11-04,2024-11-03,37.19,expired
4,2,POL66353,"{""brand"": ""Toyota"", ""model"": ""Offer"", ""year"": 2006, ""license_plate"": ""HaF9053"", ""color"": ""Gold""}","[{""coverage"": ""liability"", ""max_value"": 50000, ""premium"": 5.88}, {""coverage"": ""collision"", ""max_value"": 100000, ""premium"": 25.49}]",2023-09-28,2024-09-27,31.37,cancelled
5,2,POL09896,"{""brand"": ""Nissan"", ""model"": ""Something"", ""year"": 2011, ""license_plate"": ""jau7278"", ""color"": ""Crimson""}","[{""coverage"": ""liability"", ""max_value"": 50000, ""premium"": 14.14}, {""coverage"": ""collision"", ""max_value"": 100000, ""premium"": 22.23}]",2025-02-13,2026-02-13,36.37,expired
6,2,POL82214,"{""brand"": ""Nissan"", ""model"": ""Feel"", ""year"": 2014, ""license_plate"": ""osJ6064"", ""color"": ""MediumOrchid""}","[{""coverage"": ""liability"", ""max_value"": 50000, ""premium"": 10.89}, {""coverage"": ""collision"", ""max_value"": 100000, ""premium"": 25.57}]",2023-12-30,2024-12-29,36.46,cancelled
7,3,POL36716,"{""brand"": ""Toyota"", ""model"": ""Maybe"", ""year"": 2010, ""license_plate"": ""IDh9542"", ""color"": ""Salmon""}","[{""coverage"": ""liability"", ""max_value"": 50000, ""premium"": 5.46}, {""coverage"": ""collision"", ""max_value"": 100000, ""premium"": 23.69}]",2025-02-26,2026-02-26,29.15,active
8,4,POL76028,"{""brand"": ""Nissan"", ""model"": ""Water"", ""year"": 2017, ""license_plate"": ""KZw4334"", ""color"": ""Black""}","[{""coverage"": ""liability"", ""max_value"": 50000, ""premium"": 13.35}, {""coverage"": ""collision"", ""max_value"": 100000, ""premium"": 29.8}]",2023-10-09,2024-10-08,43.15,active
9,4,POL42177,"{""brand"": ""Nissan"", ""model"": ""Coach"", ""year"": 2017, ""license_plate"": ""OWh7795"", ""color"": ""LawnGreen""}","[{""coverage"": ""liability"", ""max_value"": 50000, ""premium"": 13.9}, {""coverage"": ""collision"", ""max_value"": 100000, ""premium"": 27.33}]",2023-07-06,2024-07-05,41.23,expired
10,5,POL14958,"{""brand"": ""Nissan"", ""model"": ""Build"", ""year"": 2021, ""license_plate"": ""HEt0929"", ""color"": ""MediumSlateBlue""}","[{""coverage"": ""liability"", ""max_value"": 50000, ""premium"": 9.02}, {""coverage"": ""collision"", ""max_value"": 100000, ""premium"": 23.01}]",2024-08-08,2025-08-08,32.03,active
11,6,POL72185,"{""brand"": ""Nissan"", ""model"": ""Risk"", ""year"": 2023, ""license_plate"": ""BYN1101"", ""color"": ""LightGray""}","[{""coverage"": ""liability"", ""max_value"": 50000, ""premium"": 10.17}, {""coverage"": ""collision"", ""max_value"": 100000, ""premium"": 27.85}]",2025-02-01,2026-02-01,38.02,active
12,7,POL25336,"{""brand"": ""Honda"", ""model"": ""Fact"", ""year"": 2013, ""license_plate"": ""fSP9244"", ""color"": ""DarkGreen""}","[{""coverage"": ""liability"", ""max_value"": 50000, ""premium"": 13.09}, {""coverage"": ""collision"", ""max_value"": 100000, ""premium"": 28.98}]",2023-09-23,2024-09-22,42.07,expired
13,7,POL65733,"{""brand"": ""Toyota"", ""model"": ""Soldier"", ""year"": 2004, ""license_plate"": ""Lxe0888"", ""color"": ""Sienna""}","[{""coverage"": ""liability"", ""max_value"": 50000, ""premium"": 11.96}, {""coverage"": ""collision"", ""max_value"": 100000, ""premium"": 23.28}]",2023-08-18,2024-08-17,35.24,cancelled
14,8,POL50192,"{""brand"": ""Nissan"", ""model"": ""Red"", ""year"": 2010, ""license_plate"": ""Evl6803"", ""color"": ""LightCoral""}","[{""coverage"": ""liability"", ""max_value"": 50000, ""premium"": 7.33}, {""coverage"": ""collision"", ""max_value"": 100000, ""premium"": 23.94}]",2024-09-02,2025-09-02,31.27,cancelled
15,8,POL48515,"{""brand"": ""Ford"", ""model"": ""Young"", ""year"": 2009, ""license_plate"": ""vNY3577"", ""color"": ""GoldenRod""}","[{""coverage"": ""liability"", ""max_value"": 50000, ""premium"": 9.76}, {""coverage"": ""collision"", ""max_value"": 100000, ""premium"": 26.24}]",2025-05-24,2026-05-24,36.0,active
16,9,POL44046,"{""brand"": ""Ford"", ""model"": ""President"", ""year"": 2001, ""license_plate"": ""UsL8082"", ""color"": ""Cornsilk""}","[{""coverage"": ""liability"", ""max_value"": 50000, ""premium"": 7.6}, {""coverage"": ""collision"", ""max_value"": 100000, ""premium"": 23.07}]",2025-02-18,2026-02-18,30.67,active
17,9,POL16487,"{""brand"": ""Toyota"", ""model"": ""Lead"", ""year"": 2016, ""license_plate"": ""FSn6723"", ""color"": ""Beige""}","[{""coverage"": ""liability"", ""max_value"": 50000, ""premium"": 8.35}, {""coverage"": ""collision"", ""max_value"": 100000, ""premium"": 20.92}]",2024-10-29,2025-10-29,29.27,active
18,9,POL98442,"{""brand"": ""Chevrolet"", ""model"": ""Sense"", ""year"": 2009, ""license_plate"": ""cAj5434"", ""color"": ""SaddleBrown""}","[{""coverage"": ""liability"", ""max_value"": 50000, ""premium"": 10.23}, {""coverage"": ""collision"", ""max_value"": 100000, ""premium"": 25.33}]",2024-09-21,2025-09-21,35.56,cancelled
19,10,POL30617,"{""brand"": ""Honda"", ""model"": ""Investment"", ""year"": 2017, ""license_plate"": ""FdO2533"", ""color"": ""HotPink""}","[{""coverage"": ""liability"", ""max_value"": 50000, ""premium"": 14.06}, {""coverage"": ""collision"", ""max_value"": 100000, ""premium"": 20.85}]",2024-09-23,2025-09-23,34.91,active
20,10,POL62919,"{""brand"": ""Ford"", ""model"": ""Down"", ""year"": 2024, ""license_plate"": ""Kfh3318"", ""color"": ""DeepSkyBlue""}","[{""coverage"": ""liability"", ""max_value"": 50000, ""premium"": 5.45}, {""coverage"": ""collision"", ""max_value"": 100000, ""premium"": 28.76}]",2024-03-13,2025-03-13,34.21,cancelled
21,11,POL88522,"{""brand"": ""Ford"", ""model"": ""Nation"", ""year"": 2001, ""license_plate"": ""Iee9411"", ""color"": ""GreenYellow""}","[{""coverage"": ""liability"", ""max_value"": 50000, ""premium"": 7.1}, {""coverage"": ""collision"", ""max_value"": 100000, ""premium"": 22.54}]",2024-05-12,2025-05-12,29.64,expired
22,11,POL78734,"{""brand"": ""Nissan"", ""model"": ""Out"", ""year"": 2006, ""license_plate"": ""zyq1096"", ""color"": ""LightGoldenRodYellow""}","[{""coverage"": ""liability"", ""max_value"": 50000, ""premium"": 7.45}, {""coverage"": ""collision"", ""max_value"": 100000, ""premium"": 29.98}]",2024-10-19,2025-10-19,37.43,cancelled
23,12,POL88682,"{""brand"": ""Ford"", ""model"": ""Stand"", ""year"": 2022, ""license_plate"": ""ubQ6526"", ""color"": ""OrangeRed""}","[{""coverage"": ""liability"", ""max_value"": 50000, ""premium"": 11.02}, {""coverage"": ""collision"", ""max_value"": 100000, ""premium"": 29.48}]",2024-09-01,2025-09-01,40.5,active
24,13,POL77559,"{""brand"": ""Nissan"", ""model"": ""Computer"", ""year"": 2009, ""license_plate"": ""Nhe0096"", ""color"": ""DarkCyan""}","[{""coverage"": ""liability"", ""max_value"": 50000, ""premium"": 11.46}, {""coverage"": ""collision"", ""max_value"": 100000, ""premium"": 22.05}]",2024-11-12,2025-11-12,33.51,active
25,14,POL18167,"{""brand"": ""Chevrolet"", ""model"": ""Always"", ""year"": 2012, ""license_plate"": ""LQe4714"", ""color"": ""Plum""}","[{""coverage"": ""liability"", ""max_value"": 50000, ""premium"": 14.82}, {""coverage"": ""collision"", ""max_value"": 100000, ""premium"": 22.87}]",2024-10-21,2025-10-21,37.69,active
26,14,POL27464,"{""brand"": ""Toyota"", ""model"": ""Thank"", ""year"": 2014, ""license_plate"": ""pMc9816"", ""color"": ""Plum""}","[{""coverage"": ""liability"", ""max_value"": 50000, ""premium"": 10.86}, {""coverage"": ""collision"", ""max_value"": 100000, ""premium"": 25.9}]",2025-05-04,2026-05-04,36.76,active
27,14,POL84941,"{""brand"": ""Nissan"", ""model"": ""Lawyer"", ""year"": 2007, ""license_plate"": ""DbV5185"", ""color"": ""Brown""}","[{""coverage"": ""liability"", ""max_value"": 50000, ""premium"": 7.77}, {""coverage"": ""collision"", ""max_value"": 100000, ""premium"": 26.85}]",2023-08-05,2024-08-04,34.62,active
28,15,POL48852,"{""brand"": ""Nissan"", ""model"": ""Buy"", ""year"": 2021, ""license_plate"": ""isr7399"", ""color"": ""White""}","[{""coverage"": ""liability"", ""max_value"": 50000, ""premium"": 5.77}, {""coverage"": ""collision"", ""max_value"": 100000, ""premium"": 26.33}]",2024-12-26,2025-12-26,32.1,expired
29,15,POL26904,"{""brand"": ""Toyota"", ""model"": ""Choose"", ""year"": 2021, ""license_plate"": ""JdI2987"", ""color"": ""LightPink""}","[{""coverage"": ""liability"", ""max_value"": 50000, ""premium"": 5.16}, {""coverage"": ""collision"", ""max_value"": 100000, ""premium"": 21.9}]",2025-05-25,2026-05-25,27.06,active
30,15,POL75955,"{""brand"": ""Chevrolet"", ""model"": ""Professional"", ""year"": 2012, ""license_plate"": ""KXP6133"", ""color"": ""DarkGoldenRod""}","[{""coverage"": ""liability"", ""max_value"": 50000, ""premium"": 6.38}, {""coverage"": ""collision"", ""max_value"": 100000, ""premium"": 29.53}]",2024-05-28,2025-05-28,35.91,cancelled
31,16,POL95126,"{""brand"": ""Toyota"", ""model"": ""Probably"", ""year"": 2018, ""license_plate"": ""VtA6937"", ""color"": ""Aquamarine""}","[{""coverage"": ""liability"", ""max_value"": 50000, ""premium"": 5.84}, {""coverage"": ""collision"", ""max_value"": 100000, ""premium"": 29.21}]",2025-04-01,2026-04-01,35.05,expired
32,16,POL51010,"{""brand"": ""Honda"", ""model"": ""Trial"", ""year"": 2013, ""license_plate"": ""CaD0763"", ""color"": ""Khaki""}","[{""coverage"": ""liability"", ""max_value"": 50000, ""premium"": 6.13}, {""coverage"": ""collision"", ""max_value"": 100000, ""premium"": 28.86}]",2025-04-05,2026-04-05,34.99,cancelled
33,17,POL37911,"{""brand"": ""Ford"", ""model"": ""Safe"", ""year"": 2008, ""license_plate"": ""LpV9750"", ""color"": ""BlanchedAlmond""}","[{""coverage"": ""liability"", ""max_value"": 50000, ""premium"": 5.66}, {""coverage"": ""collision"", ""max_value"": 100000, ""premium"": 29.77}]",2023-08-09,2024-08-08,35.43,cancelled
34,17,POL06353,"{""brand"": ""Toyota"", ""model"": ""Rock"", ""year"": 2014, ""license_plate"": ""KeR1736"", ""color"": ""Gray""}","[{""coverage"": ""liability"", ""max_value"": 50000, ""premium"": 14.21}, {""coverage"": ""collision"", ""max_value"": 100000, ""premium"": 28.86}]",2024-06-08,2025-06-08,43.07,cancelled
35,18,POL67024,"{""brand"": ""Chevrolet"", ""model"": ""Cover"", ""year"": 2003, ""license_plate"": ""khf7329"", ""color"": ""Violet""}","[{""coverage"": ""liability"", ""max_value"": 50000, ""premium"": 5.79}, {""coverage"": ""collision"", ""max_value"": 100000, ""premium"": 25.27}]",2023-09-01,2024-08-31,31.06,active
36,18,POL41463,"{""brand"": ""Ford"", ""model"": ""Stuff"", ""year"": 2013, ""license_plate"": ""HcD7488"", ""color"": ""LightGreen""}","[{""coverage"": ""liability"", ""max_value"": 50000, ""premium"": 8.53}, {""coverage"": ""collision"", ""max_value"": 100000, ""premium"": 23.46}]",2025-06-08,2026-06-08,31.99,expired
37,19,POL90556,"{""brand"": ""Toyota"", ""model"": ""Popular"", ""year"": 2007, ""license_plate"": ""TWx5128"", ""color"": ""DarkKhaki""}","[{""coverage"": ""liability"", ""max_value"": 50000, ""premium"": 13.93}, {""coverage"": ""collision"", ""max_value"": 100000, ""premium"": 28.21}]",2024-03-25,2025-03-25,42.14,expired
38,19,POL10814,"{""brand"": ""Ford"", ""model"": ""Start"", ""year"": 2019, ""license_plate"": ""kRG9786"", ""color"": ""SpringGreen""}","[{""coverage"": ""liability"", ""max_value"": 50000, ""premium"": 9.85}, {""coverage"": ""collision"", ""max_value"": 100000, ""premium"": 23.44}]",2024-10-24,2025-10-24,33.29,active
39,20,POL97701,"{""brand"": ""Nissan"", ""model"": ""Culture"", ""year"": 2016, ""license_plate"": ""AXu3183"", ""color"": ""LightGreen""}","[{""coverage"": ""liability"", ""max_value"": 50000, ""premium"": 7.51}, {""coverage"": ""collision"", ""max_value"": 100000, ""premium"": 21.61}]",2023-12-08,2024-12-07,29.12,active
40,21,POL06196,"{""brand"": ""Nissan"", ""model"": ""Young"", ""year"": 2016, ""license_plate"": ""AGc9291"", ""color"": ""DarkSlateGray""}","[{""coverage"": ""liability"", ""max_value"": 50000, ""premium"": 7.13}, {""coverage"": ""collision"", ""max_value"": 100000, ""premium"": 21.44}]",2023-12-30,2024-12-29,28.57,active
41,21,POL50517,"{""brand"": ""Toyota"", ""model"": ""Party"", ""year"": 2020, ""license_plate"": ""pBg6392"", ""color"": ""GreenYellow""}","[{""coverage"": ""liability"", ""max_value"": 50000, ""premium"": 8.92}, {""coverage"": ""collision"", ""max_value"": 100000, ""premium"": 27.75}]",2024-08-09,2025-08-09,36.67,expired
42,21,POL78941,"{""brand"": ""Chevrolet"", ""model"": ""Stay"", ""year"": 2015, ""license_plate"": ""wOu6466"", ""color"": ""MediumVioletRed""}","[{""coverage"": ""liability"", ""max_value"": 50000, ""premium"": 5.02}, {""coverage"": ""collision"", ""max_value"": 100000, ""premium"": 28.14}]",2023-08-10,2024-08-09,33.16,cancelled
43,22,POL85664,"{""brand"": ""Nissan"", ""model"": ""Customer"", ""year"": 2020, ""license_plate"": ""iMB6676"", ""color"": ""DarkSalmon""}","[{""coverage"": ""liability"", ""max_value"": 50000, ""premium"": 5.89}, {""coverage"": ""collision"", ""max_value"": 100000, ""premium"": 21.52}]",2025-04-28,2026-04-28,27.41,active
44,23,POL45266,"{""brand"": ""Ford"", ""model"": ""Money"", ""year"": 2018, ""license_plate"": ""WaJ4397"", ""color"": ""DarkKhaki""}","[{""coverage"": ""liability"", ""max_value"": 50000, ""premium"": 12.14}, {""coverage"": ""collision"", ""max_value"": 100000, ""premium"": 29.23}]",2023-12-06,2024-12-05,41.37,expired
45,23,POL29138,"{""brand"": ""Toyota"", ""model"": ""Fast"", ""year"": 2012, ""license_plate"": ""vPI2859"", ""color"": ""MintCream""}","[{""coverage"": ""liability"", ""max_value"": 50000, ""premium"": 7.61}, {""coverage"": ""collision"", ""max_value"": 100000, ""premium"": 21.79}]",2024-04-19,2025-04-19,29.4,cancelled
46,24,POL94244,"{""brand"": ""Honda"", ""model"": ""Reflect"", ""year"": 2018, ""license_plate"": ""urN0412"", ""color"": ""SlateGray""}","[{""coverage"": ""liability"", ""max_value"": 50000, ""premium"": 6.49}, {""coverage"": ""collision"", ""max_value"": 100000, ""premium"": 28.06}]",2025-01-24,2026-01-24,34.55,active
47,24,POL18269,"{""brand"": ""Nissan"", ""model"": ""Doctor"", ""year"": 2019, ""license_plate"": ""UEp3315"", ""color"": ""DimGray""}","[{""coverage"": ""liability"", ""max_value"": 50000, ""premium"": 5.88}, {""coverage"": ""collision"", ""max_value"": 100000, ""premium"": 20.3}]",2024-12-07,2025-12-07,26.18,expired
48,24,POL06047,"{""brand"": ""Ford"", ""model"": ""Pm"", ""year"": 2003, ""license_plate"": ""vJU4409"", ""color"": ""LavenderBlush""}","[{""coverage"": ""liability"", ""max_value"": 50000, ""premium"": 5.64}, {""coverage"": ""collision"", ""max_value"": 100000, ""premium"": 21.1}]",2024-07-27,2025-07-27,26.74,expired
49,25,POL52692,"{""brand"": ""Toyota"", ""model"": ""Technology"", ""year"": 2007, ""license_plate"": ""CIe1667"", ""color"": ""Teal""}","[{""coverage"": ""liability"", ""max_value"": 50000, ""premium"": 10.08}, {""coverage"": ""collision"", ""max_value"": 100000, ""premium"": 26.82}]",2024-05-04,2025-05-04,36.9,expired
50,26,POL07902,"{""brand"": ""Ford"", ""model"": ""Agree"", ""year"": 2003, ""license_plate"": ""xwT7090"", ""color"": ""LightSeaGreen""}","[{""coverage"": ""liability"", ""max_value"": 50000, ""premium"": 6.57}, {""coverage"": ""collision"", ""max_value"": 100000, ""premium"": 28.66}]",2023-07-31,2024-07-30,35.23,active
51,27,POL54512,"{""brand"": ""Toyota"", ""model"": ""Art"", ""year"": 2015, ""license_plate"": ""psD8809"", ""color"": ""DarkViolet""}","[{""coverage"": ""liability"", ""max_value"": 50000, ""premium"": 6.44}, {""coverage"": ""collision"", ""max_value"": 100000, ""premium"": 22.73}]",2025-04-01,2026-04-01,29.17,expired
52,28,POL31387,"{""brand"": ""Nissan"", ""model"": ""Book"", ""year"": 2014, ""license_plate"": ""dwm0418"", ""color"": ""BlanchedAlmond""}","[{""coverage"": ""liability"", ""max_value"": 50000, ""premium"": 13.29}, {""coverage"": ""collision"", ""max_value"": 100000, ""premium"": 29.44}]",2023-12-28,2024-12-27,42.73,expired
53,29,POL63289,"{""brand"": ""Ford"", ""model"": ""Long"", ""year"": 2013, ""license_plate"": ""AtR6360"", ""color"": ""NavajoWhite""}","[{""coverage"": ""liability"", ""max_value"": 50000, ""premium"": 9.3}, {""coverage"": ""collision"", ""max_value"": 100000, ""premium"": 25.5}]",2024-11-13,2025-11-13,34.8,active
54,30,POL57267,"{""brand"": ""Honda"", ""model"": ""Money"", ""year"": 2023, ""license_plate"": ""Mla9287"", ""color"": ""LightCoral""}","[{""coverage"": ""liability"", ""max_value"": 50000, ""premium"": 11.12}, {""coverage"": ""collision"", ""max_value"": 100000, ""premium"": 28.13}]",2024-12-24,2025-12-24,39.25,active
55,30,POL50528,"{""brand"": ""Chevrolet"", ""model"": ""Five"", ""year"": 2010, ""license_plate"": ""vBD5476"", ""color"": ""LawnGreen""}","[{""coverage"": ""liability"", ""max_value"": 50000, ""premium"": 7.8}, {""coverage"": ""collision"", ""max_value"": 100000, ""premium"": 27.39}]",2023-10-14,2024-10-13,35.19,cancelled
56,30,POL94367,"{""brand"": ""Nissan"", ""model"": ""Since"", ""year"": 2017, ""license_plate"": ""sWn9811"", ""color"": ""LightCyan""}","[{""coverage"": ""liability"", ""max_value"": 50000, ""premium"": 14.21}, {""coverage"": ""collision"", ""max_value"": 100000, ""premium"": 21.23}]",2024-12-02,2025-12-02,35.44,cancelled
57,31,POL61111,"{""brand"": ""Toyota"", ""model"": ""Still"", ""year"": 2003, ""license_plate"": ""AEI4475"", ""color"": ""IndianRed""}","[{""coverage"": ""liability"", ""max_value"": 50000, ""premium"": 14.44}, {""coverage"": ""collision"", ""max_value"": 100000, ""premium"": 23.47}]",2024-03-06,2025-03-06,37.91,active
58,32,POL28277,"{""brand"": ""Honda"", ""model"": ""Under"", ""year"": 2022, ""license_plate"": ""yiY3980"", ""color"": ""MistyRose""}","[{""coverage"": ""liability"", ""max_value"": 50000, ""premium"": 8.41}, {""coverage"": ""collision"", ""max_value"": 100000, ""premium"": 25.66}]",2025-04-03,2026-04-03,34.07,active
59,32,POL63572,"{""brand"": ""Honda"", ""model"": ""Practice"", ""year"": 2024, ""license_plate"": ""OcO4171"", ""color"": ""PeachPuff""}","[{""coverage"": ""liability"", ""max_value"": 50000, ""premium"": 8.88}, {""coverage"": ""collision"", ""max_value"": 100000, ""premium"": 23.44}]",2023-12-03,2024-12-02,32.32,cancelled
60,32,POL34311,"{""brand"": ""Ford"", ""model"": ""Responsibility"", ""year"": 2022, ""license_plate"": ""Xbo1490"", ""color"": ""DimGray""}","[{""coverage"": ""liability"", ""max_value"": 50000, ""premium"": 8.96}, {""coverage"": ""collision"", ""max_value"": 100000, ""premium"": 22.54}]",2024-06-26,2025-06-26,31.5,active
61,33,POL28222,"{""brand"": ""Nissan"", ""model"": ""Allow"", ""year"": 2019, ""license_plate"": ""pSn7711"", ""color"": ""Lavender""}","[{""coverage"": ""liability"", ""max_value"": 50000, ""premium"": 11.84}, {""coverage"": ""collision"", ""max_value"": 100000, ""premium"": 23.04}]",2024-08-14,2025-08-14,34.88,active
62,33,POL62295,"{""brand"": ""Honda"", ""model"": ""True"", ""year"": 2005, ""license_plate"": ""JLT8071"", ""color"": ""DarkCyan""}","[{""coverage"": ""liability"", ""max_value"": 50000, ""premium"": 13.34}, {""coverage"": ""collision"", ""max_value"": 100000, ""premium"": 26.37}]",2023-09-27,2024-09-26,39.71,active
63,33,POL63473,"{""brand"": ""Nissan"", ""model"": ""Change"", ""year"": 2019, ""license_plate"": ""DWt0768"", ""color"": ""Tan""}","[{""coverage"": ""liability"", ""max_value"": 50000, ""premium"": 5.82}, {""coverage"": ""collision"", ""max_value"": 100000, ""premium"": 20.13}]",2024-04-18,2025-04-18,25.95,active
64,34,POL69339,"{""brand"": ""Ford"", ""model"": ""Single"", ""year"": 2008, ""license_plate"": ""ONM1272"", ""color"": ""OldLace""}","[{""coverage"": ""liability"", ""max_value"": 50000, ""premium"": 5.42}, {""coverage"": ""collision"", ""max_value"": 100000, ""premium"": 28.27}]",2025-04-19,2026-04-19,33.69,expired
65,34,POL25756,"{""brand"": ""Nissan"", ""model"": ""Director"", ""year"": 2008, ""license_plate"": ""rRd5122"", ""color"": ""Chartreuse""}","[{""coverage"": ""liability"", ""max_value"": 50000, ""premium"": 7.61}, {""coverage"": ""collision"", ""max_value"": 100000, ""premium"": 29.17}]",2023-07-28,2024-07-27,36.78,expired
66,34,POL62512,"{""brand"": ""Nissan"", ""model"": ""Plant"", ""year"": 2006, ""license_plate"": ""SUw7124"", ""color"": ""Aqua""}","[{""coverage"": ""liability"", ""max_value"": 50000, ""premium"": 11.97}, {""coverage"": ""collision"", ""max_value"": 100000, ""premium"": 24.92}]",2024-06-27,2025-06-27,36.89,cancelled
67,35,POL56756,"{""brand"": ""Honda"", ""model"": ""Really"", ""year"": 2000, ""license_plate"": ""nuX9651"", ""color"": ""Bisque""}","[{""coverage"": ""liability"", ""max_value"": 50000, ""premium"": 9.78}, {""coverage"": ""collision"", ""max_value"": 100000, ""premium"": 25.57}]",2023-07-31,2024-07-30,35.35,active
68,36,POL52944,"{""brand"": ""Ford"", ""model"": ""For"", ""year"": 2002, ""license_plate"": ""fkJ2864"", ""color"": ""Brown""}","[{""coverage"": ""liability"", ""max_value"": 50000, ""premium"": 6.06}, {""coverage"": ""collision"", ""max_value"": 100000, ""premium"": 24.39}]",2025-04-04,2026-04-04,30.45,active
69,37,POL45382,"{""brand"": ""Chevrolet"", ""model"": ""Student"", ""year"": 2021, ""license_plate"": ""qBe6142"", ""color"": ""DarkSalmon""}","[{""coverage"": ""liability"", ""max_value"": 50000, ""premium"": 14.63}, {""coverage"": ""collision"", ""max_value"": 100000, ""premium"": 28.58}]",2024-09-07,2025-09-07,43.21,expired
70,37,POL92770,"{""brand"": ""Chevrolet"", ""model"": ""Blood"", ""year"": 2009, ""license_plate"": ""Vey5778"", ""color"": ""PowderBlue""}","[{""coverage"": ""liability"", ""max_value"": 50000, ""premium"": 5.5}, {""coverage"": ""collision"", ""max_value"": 100000, ""premium"": 20.16}]",2024-02-28,2025-02-27,25.66,cancelled
71,37,POL40132,"{""brand"": ""Toyota"", ""model"": ""Yes"", ""year"": 2010, ""license_plate"": ""hWi6999"", ""color"": ""DarkSalmon""}","[{""coverage"": ""liability"", ""max_value"": 50000, ""premium"": 5.42}, {""coverage"": ""collision"", ""max_value"": 100000, ""premium"": 21.4}]",2024-06-04,2025-06-04,26.82,active
72,38,POL28626,"{""brand"": ""Honda"", ""model"": ""Cold"", ""year"": 2020, ""license_plate"": ""vqb2380"", ""color"": ""Green""}","[{""coverage"": ""liability"", ""max_value"": 50000, ""premium"": 12.49}, {""coverage"": ""collision"", ""max_value"": 100000, ""premium"": 28.83}]",2025-02-06,2026-02-06,41.32,active
73,39,POL49923,"{""brand"": ""Ford"", ""model"": ""Call"", ""year"": 2001, ""license_plate"": ""zQH3169"", ""color"": ""LemonChiffon""}","[{""coverage"": ""liability"", ""max_value"": 50000, ""premium"": 14.84}, {""coverage"": ""collision"", ""max_value"": 100000, ""premium"": 27.46}]",2024-09-04,2025-09-04,42.3,cancelled
74,40,POL04895,"{""brand"": ""Chevrolet"", ""model"": ""Feeling"", ""year"": 2015, ""license_plate"": ""SFh8942"", ""color"": ""BurlyWood""}","[{""coverage"": ""liability"", ""max_value"": 50000, ""premium"": 7.21}, {""coverage"": ""collision"", ""max_value"": 100000, ""premium"": 27.06}]",2025-06-20,2026-06-20,34.27,expired
75,41,POL82980,"{""brand"": ""Chevrolet"", ""model"": ""Institution"", ""year"": 2012, ""license_plate"": ""bKF9053"", ""color"": ""DarkRed""}","[{""coverage"": ""liability"", ""max_value"": 50000, ""premium"": 5.14}, {""coverage"": ""collision"", ""max_value"": 100000, ""premium"": 28.26}]",2025-03-03,2026-03-03,33.4,active
76,42,POL71761,"{""brand"": ""Ford"", ""model"": ""Around"", ""year"": 2023, ""license_plate"": ""axJ8170"", ""color"": ""MediumSeaGreen""}","[{""coverage"": ""liability"", ""max_value"": 50000, ""premium"": 10.27}, {""coverage"": ""collision"", ""max_value"": 100000, ""premium"": 21.2}]",2023-10-09,2024-10-08,31.47,expired
77,43,POL43579,"{""brand"": ""Toyota"", ""model"": ""On"", ""year"": 2004, ""license_plate"": ""iIy1252"", ""color"": ""WhiteSmoke""}","[{""coverage"": ""liability"", ""max_value"": 50000, ""premium"": 5.97}, {""coverage"": ""collision"", ""max_value"": 100000, ""premium"": 21.39}]",2023-08-22,2024-08-21,27.36,active
78,43,POL68117,"{""brand"": ""Toyota"", ""model"": ""Single"", ""year"": 2023, ""license_plate"": ""Bwj7656"", ""color"": ""Pink""}","[{""coverage"": ""liability"", ""max_value"": 50000, ""premium"": 5.22}, {""coverage"": ""collision"", ""max_value"": 100000, ""premium"": 28.96}]",2025-01-22,2026-01-22,34.18,cancelled
79,44,POL04979,"{""brand"": ""Chevrolet"", ""model"": ""Produce"", ""year"": 2017, ""license_plate"": ""Gri4914"", ""color"": ""Violet""}","[{""coverage"": ""liability"", ""max_value"": 50000, ""premium"": 11.16}, {""coverage"": ""collision"", ""max_value"": 100000, ""premium"": 24.07}]",2024-05-18,2025-05-18,35.23,active
80,44,POL76707,"{""brand"": ""Nissan"", ""model"": ""Science"", ""year"": 2019, ""license_plate"": ""ZnU6163"", ""color"": ""DeepSkyBlue""}","[{""coverage"": ""liability"", ""max_value"": 50000, ""premium"": 8.69}, {""coverage"": ""collision"", ""max_value"": 100000, ""premium"": 23.2}]",2024-10-14,2025-10-14,31.89,cancelled
81,44,POL73556,"{""brand"": ""Nissan"", ""model"": ""Station"", ""year"": 2004, ""license_plate"": ""yiV2399"", ""color"": ""Crimson""}","[{""coverage"": ""liability"", ""max_value"": 50000, ""premium"": 7.25}, {""coverage"": ""collision"", ""max_value"": 100000, ""premium"": 22.97}]",2024-11-04,2025-11-04,30.22,expired
82,45,POL99642,"{""brand"": ""Toyota"", ""model"": ""National"", ""year"": 2008, ""license_plate"": ""hpg9611"", ""color"": ""SteelBlue""}","[{""coverage"": ""liability"", ""max_value"": 50000, ""premium"": 14.96}, {""coverage"": ""collision"", ""max_value"": 100000, ""premium"": 21.07}]",2024-04-26,2025-04-26,36.03,cancelled
83,45,POL42593,"{""brand"": ""Nissan"", ""model"": ""Pay"", ""year"": 2017, ""license_plate"": ""nnc5023"", ""color"": ""Ivory""}","[{""coverage"": ""liability"", ""max_value"": 50000, ""premium"": 7.36}, {""coverage"": ""collision"", ""max_value"": 100000, ""premium"": 27.03}]",2024-08-30,2025-08-30,34.39,cancelled
84,46,POL47730,"{""brand"": ""Nissan"", ""model"": ""Turn"", ""year"": 2008, ""license_plate"": ""eYq5142"", ""color"": ""SkyBlue""}","[{""coverage"": ""liability"", ""max_value"": 50000, ""premium"": 11.65}, {""coverage"": ""collision"", ""max_value"": 100000, ""premium"": 28.19}]",2023-08-03,2024-08-02,39.84,cancelled
85,46,POL68457,"{""brand"": ""Toyota"", ""model"": ""Painting"", ""year"": 2023, ""license_plate"": ""NMv6657"", ""color"": ""FloralWhite""}","[{""coverage"": ""liability"", ""max_value"": 50000, ""premium"": 10.39}, {""coverage"": ""collision"", ""max_value"": 100000, ""premium"": 23.43}]",2024-02-01,2025-01-31,33.82,cancelled
86,47,POL91822,"{""brand"": ""Nissan"", ""model"": ""Especially"", ""year"": 2012, ""license_plate"": ""Omv2632"", ""color"": ""DodgerBlue""}","[{""coverage"": ""liability"", ""max_value"": 50000, ""premium"": 13.5}, {""coverage"": ""collision"", ""max_value"": 100000, ""premium"": 28.63}]",2025-03-21,2026-03-21,42.13,cancelled
87,47,POL76730,"{""brand"": ""Toyota"", ""model"": ""Gun"", ""year"": 2010, ""license_plate"": ""KMS0953"", ""color"": ""CadetBlue""}","[{""coverage"": ""liability"", ""max_value"": 50000, ""premium"": 13.42}, {""coverage"": ""collision"", ""max_value"": 100000, ""premium"": 26.21}]",2024-03-09,2025-03-09,39.63,active
88,47,POL27725,"{""brand"": ""Toyota"", ""model"": ""Call"", ""year"": 2010, ""license_plate"": ""TnZ2305"", ""color"": ""LightGoldenRodYellow""}","[{""coverage"": ""liability"", ""max_value"": 50000, ""premium"": 11.3}, {""coverage"": ""collision"", ""max_value"": 100000, ""premium"": 23.37}]",2024-03-17,2025-03-17,34.67,expired
89,48,POL77416,"{""brand"": ""Chevrolet"", ""model"": ""Notice"", ""year"": 2005, ""license_plate"": ""MvV5760"", ""color"": ""Salmon""}","[{""coverage"": ""liability"", ""max_value"": 50000, ""premium"": 13.11}, {""coverage"": ""collision"", ""max_value"": 100000, ""premium"": 28.35}]",2024-10-28,2025-10-28,41.46,active
90,48,POL53936,"{""brand"": ""Chevrolet"", ""model"": ""Whether"", ""year"": 2001, ""license_plate"": ""kHb4764"", ""color"": ""Gold""}","[{""coverage"": ""liability"", ""max_value"": 50000, ""premium"": 8.19}, {""coverage"": ""collision"", ""max_value"": 100000, ""premium"": 20.32}]",2023-12-22,2024-12-21,28.51,active
91,49,POL76991,"{""brand"": ""Chevrolet"", ""model"": ""Organization"", ""year"": 2013, ""license_plate"": ""VIR8430"", ""color"": ""RosyBrown""}","[{""coverage"": ""liability"", ""max_value"": 50000, ""premium"": 6.2}, {""coverage"": ""collision"", ""max_value"": 100000, ""premium"": 22.81}]",2025-05-17,2026-05-17,29.01,expired
92,50,POL93759,"{""brand"": ""Ford"", ""model"": ""Other"", ""year"": 2017, ""license_plate"": ""lNx3651"", ""color"": ""OliveDrab""}","[{""coverage"": ""liability"", ""max_value"": 50000, ""premium"": 14.46}, {""coverage"": ""collision"", ""max_value"": 100000, ""premium"": 23.86}]",2024-06-08,2025-06-08,38.32,active
93,50,POL15637,"{""brand"": ""Honda"", ""model"": ""School"", ""year"": 2014, ""license_plate"": ""Pzn3609"", ""color"": ""Tomato""}","[{""coverage"": ""liability"", ""max_value"": 50000, ""premium"": 9.82}, {""coverage"": ""collision"", ""max_value"": 100000, ""premium"": 27.84}]",2023-12-27,2024-12-26,37.66,active
94,50,POL85213,"{""brand"": ""Chevrolet"", ""model"": ""Ahead"", ""year"": 2001, ""license_plate"": ""rvN2286"", ""color"": ""Cornsilk""}","[{""coverage"": ""liability"", ""max_value"": 50000, ""premium"": 14.8}, {""coverage"": ""collision"", ""max_value"": 100000, ""premium"": 26.05}]",2024-07-22,2025-07-22,40.85,cancelled
95,51,POL50737,"{""brand"": ""Ford"", ""model"": ""Go"", ""year"": 2003, ""license_plate"": ""eBA3681"", ""color"": ""Tan""}","[{""coverage"": ""liability"", ""max_value"": 50000, ""premium"": 8.2}, {""coverage"": ""collision"", ""max_value"": 100000, ""premium"": 28.07}]",2025-04-20,2026-04-20,36.27,active
96,51,POL38873,"{""brand"": ""Toyota"", ""model"": ""Cause"", ""year"": 2019, ""license_plate"": ""yML7316"", ""color"": ""DarkGreen""}","[{""coverage"": ""liability"", ""max_value"": 50000, ""premium"": 10.36}, {""coverage"": ""collision"", ""max_value"": 100000, ""premium"": 28.03}]",2025-04-13,2026-04-13,38.39,active
97,52,POL28075,"{""brand"": ""Ford"", ""model"": ""Hot"", ""year"": 2015, ""license_plate"": ""DKQ6722"", ""color"": ""PeachPuff""}","[{""coverage"": ""liability"", ""max_value"": 50000, ""premium"": 12.8}, {""coverage"": ""collision"", ""max_value"": 100000, ""premium"": 21.55}]",2025-04-26,2026-04-26,34.35,cancelled
98,53,POL89157,"{""brand"": ""Honda"", ""model"": ""Give"", ""year"": 2002, ""license_plate"": ""uXI9801"", ""color"": ""Orchid""}","[{""coverage"": ""liability"", ""max_value"": 50000, ""premium"": 13.14}, {""coverage"": ""collision"", ""max_value"": 100000, ""premium"": 21.44}]",2025-02-01,2026-02-01,34.58,active
99,53,POL35376,"{""brand"": ""Nissan"", ""model"": ""Information"", ""year"": 2016, ""license_plate"": ""meq2902"", ""color"": ""HoneyDew""}","[{""coverage"": ""liability"", ""max_value"": 50000, ""premium"": 11.84}, {""coverage"": ""collision"", ""max_value"": 100000, ""premium"": 26.69}]",2023-12-21,2024-12-20,38.53,cancelled
100,54,POL96405,"{""brand"": ""Honda"", ""model"": ""Movie"", ""year"": 2016, ""license_plate"": ""NLy2179"", ""color"": ""Green""}","[{""coverage"": ""liability"", ""max_value"": 50000, ""premium"": 14.03}, {""coverage"": ""collision"", ""max_value"": 100000, ""premium"": 20.4}]",2024-05-10,2025-05-10,34.43,active
101,54,POL17314,"{""brand"": ""Chevrolet"", ""model"": ""Show"", ""year"": 2010, ""license_plate"": ""vTP6910"", ""color"": ""Gray""}","[{""coverage"": ""liability"", ""max_value"": 50000, ""premium"": 8.85}, {""coverage"": ""collision"", ""max_value"": 100000, ""premium"": 24.9}]",2024-03-03,2025-03-03,33.75,active
102,55,POL83850,"{""brand"": ""Nissan"", ""model"": ""Will"", ""year"": 2022, ""license_plate"": ""TkQ4060"", ""color"": ""Turquoise""}","[{""coverage"": ""liability"", ""max_value"": 50000, ""premium"": 7.47}, {""coverage"": ""collision"", ""max_value"": 100000, ""premium"": 20.56}]",2024-03-16,2025-03-16,28.03,cancelled
103,55,POL39452,"{""brand"": ""Toyota"", ""model"": ""Religious"", ""year"": 2002, ""license_plate"": ""rDN7245"", ""color"": ""Orange""}","[{""coverage"": ""liability"", ""max_value"": 50000, ""premium"": 6.65}, {""coverage"": ""collision"", ""max_value"": 100000, ""premium"": 20.03}]",2025-06-22,2026-06-22,26.68,active
104,55,POL77377,"{""brand"": ""Toyota"", ""model"": ""Less"", ""year"": 2003, ""license_plate"": ""hcm5733"", ""color"": ""MediumSpringGreen""}","[{""coverage"": ""liability"", ""max_value"": 50000, ""premium"": 12.85}, {""coverage"": ""collision"", ""max_value"": 100000, ""premium"": 25.54}]",2023-09-28,2024-09-27,38.39,active
105,56,POL46116,"{""brand"": ""Ford"", ""model"": ""Enter"", ""year"": 2019, ""license_plate"": ""WlD9354"", ""color"": ""OliveDrab""}","[{""coverage"": ""liability"", ""max_value"": 50000, ""premium"": 12.7}, {""coverage"": ""collision"", ""max_value"": 100000, ""premium"": 20.89}]",2024-11-19,2025-11-19,33.59,cancelled
106,57,POL06168,"{""brand"": ""Ford"", ""model"": ""Forward"", ""year"": 2023, ""license_plate"": ""aCp4908"", ""color"": ""IndianRed""}","[{""coverage"": ""liability"", ""max_value"": 50000, ""premium"": 7.6}, {""coverage"": ""collision"", ""max_value"": 100000, ""premium"": 29.51}]",2024-04-23,2025-04-23,37.11,expired
107,58,POL43387,"{""brand"": ""Nissan"", ""model"": ""Whose"", ""year"": 2007, ""license_plate"": ""wcR2579"", ""color"": ""DarkOrange""}","[{""coverage"": ""liability"", ""max_value"": 50000, ""premium"": 7.57}, {""coverage"": ""collision"", ""max_value"": 100000, ""premium"": 26.1}]",2023-08-25,2024-08-24,33.67,cancelled
108,58,POL72557,"{""brand"": ""Nissan"", ""model"": ""Step"", ""year"": 2023, ""license_plate"": ""IsB2748"", ""color"": ""LightYellow""}","[{""coverage"": ""liability"", ""max_value"": 50000, ""premium"": 12.27}, {""coverage"": ""collision"", ""max_value"": 100000, ""premium"": 20.87}]",2025-05-15,2026-05-15,33.14,cancelled
109,59,POL05997,"{""brand"": ""Toyota"", ""model"": ""Election"", ""year"": 2008, ""license_plate"": ""wVl5019"", ""color"": ""GreenYellow""}","[{""coverage"": ""liability"", ""max_value"": 50000, ""premium"": 9.54}, {""coverage"": ""collision"", ""max_value"": 100000, ""premium"": 25.17}]",2024-10-18,2025-10-18,34.71,cancelled
110,60,POL34533,"{""brand"": ""Toyota"", ""model"": ""Job"", ""year"": 2011, ""license_plate"": ""PoM4596"", ""color"": ""Aqua""}","[{""coverage"": ""liability"", ""max_value"": 50000, ""premium"": 8.44}, {""coverage"": ""collision"", ""max_value"": 100000, ""premium"": 28.53}]",2024-11-26,2025-11-26,36.97,expired
111,60,POL17549,"{""brand"": ""Ford"", ""model"": ""Yet"", ""year"": 2020, ""license_plate"": ""Jgm7938"", ""color"": ""DarkTurquoise""}","[{""coverage"": ""liability"", ""max_value"": 50000, ""premium"": 11.8}, {""coverage"": ""collision"", ""max_value"": 100000, ""premium"": 21.82}]",2025-04-07,2026-04-07,33.62,expired
112,61,POL39322,"{""brand"": ""Ford"", ""model"": ""Available"", ""year"": 2013, ""license_plate"": ""kjZ0299"", ""color"": ""Teal""}","[{""coverage"": ""liability"", ""max_value"": 50000, ""premium"": 8.09}, {""coverage"": ""collision"", ""max_value"": 100000, ""premium"": 26.42}]",2023-07-10,2024-07-09,34.51,active
113,61,POL60454,"{""brand"": ""Ford"", ""model"": ""Great"", ""year"": 2023, ""license_plate"": ""kIm8071"", ""color"": ""FloralWhite""}","[{""coverage"": ""liability"", ""max_value"": 50000, ""premium"": 5.67}, {""coverage"": ""collision"", ""max_value"": 100000, ""premium"": 22.7}]",2024-08-05,2025-08-05,28.37,cancelled
114,62,POL00019,"{""brand"": ""Ford"", ""model"": ""Million"", ""year"": 2004, ""license_plate"": ""sUy8543"", ""color"": ""MediumBlue""}","[{""coverage"": ""liability"", ""max_value"": 50000, ""premium"": 9.06}, {""coverage"": ""collision"", ""max_value"": 100000, ""premium"": 28.81}]",2023-09-22,2024-09-21,37.87,cancelled
115,62,POL00576,"{""brand"": ""Ford"", ""model"": ""Experience"", ""year"": 2006, ""license_plate"": ""UHY0649"", ""color"": ""Pink""}","[{""coverage"": ""liability"", ""max_value"": 50000, ""premium"": 9.33}, {""coverage"": ""collision"", ""max_value"": 100000, ""premium"": 25.3}]",2023-10-14,2024-10-13,34.63,cancelled
116,63,POL48574,"{""brand"": ""Ford"", ""model"": ""Work"", ""year"": 2023, ""license_plate"": ""IkP4973"", ""color"": ""LightCoral""}","[{""coverage"": ""liability"", ""max_value"": 50000, ""premium"": 5.53}, {""coverage"": ""collision"", ""max_value"": 100000, ""premium"": 24.74}]",2024-05-27,2025-05-27,30.27,active
117,63,POL57926,"{""brand"": ""Nissan"", ""model"": ""More"", ""year"": 2017, ""license_plate"": ""yOr5189"", ""color"": ""Navy""}","[{""coverage"": ""liability"", ""max_value"": 50000, ""premium"": 13.32}, {""coverage"": ""collision"", ""max_value"": 100000, ""premium"": 22.93}]",2024-05-23,2025-05-23,36.25,cancelled
118,63,POL15742,"{""brand"": ""Ford"", ""model"": ""Several"", ""year"": 2015, ""license_plate"": ""ozo9563"", ""color"": ""Olive""}","[{""coverage"": ""liability"", ""max_value"": 50000, ""premium"": 5.44}, {""coverage"": ""collision"", ""max_value"": 100000, ""premium"": 20.5}]",2023-11-11,2024-11-10,25.94,expired
119,64,POL65744,"{""brand"": ""Honda"", ""model"": ""Ten"", ""year"": 2017, ""license_plate"": ""vPc6799"", ""color"": ""RosyBrown""}","[{""coverage"": ""liability"", ""max_value"": 50000, ""premium"": 13.46}, {""coverage"": ""collision"", ""max_value"": 100000, ""premium"": 26.14}]",2024-02-03,2025-02-02,39.6,expired
120,64,POL39268,"{""brand"": ""Chevrolet"", ""model"": ""Some"", ""year"": 2017, ""license_plate"": ""jCY8034"", ""color"": ""Aqua""}","[{""coverage"": ""liability"", ""max_value"": 50000, ""premium"": 5.43}, {""coverage"": ""collision"", ""max_value"": 100000, ""premium"": 28.39}]",2025-06-08,2026-06-08,33.82,cancelled
121,64,POL24193,"{""brand"": ""Chevrolet"", ""model"": ""Base"", ""year"": 2000, ""license_plate"": ""wge1907"", ""color"": ""Tomato""}","[{""coverage"": ""liability"", ""max_value"": 50000, ""premium"": 11.46}, {""coverage"": ""collision"", ""max_value"": 100000, ""premium"": 22.16}]",2024-02-12,2025-02-11,33.62,cancelled
122,65,POL79246,"{""brand"": ""Toyota"", ""model"": ""Even"", ""year"": 2022, ""license_plate"": ""rbB4230"", ""color"": ""Linen""}","[{""coverage"": ""liability"", ""max_value"": 50000, ""premium"": 7.07}, {""coverage"": ""collision"", ""max_value"": 100000, ""premium"": 26.7}]",2025-05-26,2026-05-26,33.77,active
123,65,POL20840,"{""brand"": ""Nissan"", ""model"": ""Go"", ""year"": 2009, ""license_plate"": ""qcy6831"", ""color"": ""OliveDrab""}","[{""coverage"": ""liability"", ""max_value"": 50000, ""premium"": 10.74}, {""coverage"": ""collision"", ""max_value"": 100000, ""premium"": 28.65}]",2023-08-04,2024-08-03,39.39,expired
124,66,POL80862,"{""brand"": ""Honda"", ""model"": ""Summer"", ""year"": 2021, ""license_plate"": ""nWn0863"", ""color"": ""PaleVioletRed""}","[{""coverage"": ""liability"", ""max_value"": 50000, ""premium"": 5.09}, {""coverage"": ""collision"", ""max_value"": 100000, ""premium"": 22.96}]",2025-01-15,2026-01-15,28.05,cancelled
125,67,POL07003,"{""brand"": ""Honda"", ""model"": ""Suffer"", ""year"": 2002, ""license_plate"": ""jom9033"", ""color"": ""MintCream""}","[{""coverage"": ""liability"", ""max_value"": 50000, ""premium"": 14.66}, {""coverage"": ""collision"", ""max_value"": 100000, ""premium"": 23.74}]",2024-10-01,2025-10-01,38.4,cancelled
126,67,POL46633,"{""brand"": ""Toyota"", ""model"": ""Source"", ""year"": 2010, ""license_plate"": ""WGC3937"", ""color"": ""Plum""}","[{""coverage"": ""liability"", ""max_value"": 50000, ""premium"": 5.45}, {""coverage"": ""collision"", ""max_value"": 100000, ""premium"": 28.73}]",2025-03-20,2026-03-20,34.18,active
127,67,POL05374,"{""brand"": ""Ford"", ""model"": ""Wear"", ""year"": 2011, ""license_plate"": ""XKd6808"", ""color"": ""RoyalBlue""}","[{""coverage"": ""liability"", ""max_value"": 50000, ""premium"": 11.55}, {""coverage"": ""collision"", ""max_value"": 100000, ""premium"": 23.49}]",2023-09-19,2024-09-18,35.04,expired
128,68,POL27311,"{""brand"": ""Ford"", ""model"": ""Authority"", ""year"": 2002, ""license_plate"": ""wlC1706"", ""color"": ""MediumVioletRed""}","[{""coverage"": ""liability"", ""max_value"": 50000, ""premium"": 6.76}, {""coverage"": ""collision"", ""max_value"": 100000, ""premium"": 22.36}]",2023-10-20,2024-10-19,29.12,cancelled
129,68,POL67463,"{""brand"": ""Chevrolet"", ""model"": ""Play"", ""year"": 2024, ""license_plate"": ""NSG2331"", ""color"": ""Cornsilk""}","[{""coverage"": ""liability"", ""max_value"": 50000, ""premium"": 14.53}, {""coverage"": ""collision"", ""max_value"": 100000, ""premium"": 25.13}]",2024-11-28,2025-11-28,39.66,active
130,68,POL16927,"{""brand"": ""Toyota"", ""model"": ""Coach"", ""year"": 2023, ""license_plate"": ""fcS6349"", ""color"": ""LightCyan""}","[{""coverage"": ""liability"", ""max_value"": 50000, ""premium"": 7.21}, {""coverage"": ""collision"", ""max_value"": 100000, ""premium"": 20.97}]",2023-11-28,2024-11-27,28.18,expired
131,69,POL65290,"{""brand"": ""Honda"", ""model"": ""Maintain"", ""year"": 2020, ""license_plate"": ""Fmi1278"", ""color"": ""PaleGoldenRod""}","[{""coverage"": ""liability"", ""max_value"": 50000, ""premium"": 8.73}, {""coverage"": ""collision"", ""max_value"": 100000, ""premium"": 29.86}]",2025-01-16,2026-01-16,38.59,cancelled
132,70,POL90921,"{""brand"": ""Ford"", ""model"": ""Later"", ""year"": 2020, ""license_plate"": ""csB7676"", ""color"": ""Red""}","[{""coverage"": ""liability"", ""max_value"": 50000, ""premium"": 9.07}, {""coverage"": ""collision"", ""max_value"": 100000, ""premium"": 29.99}]",2024-06-04,2025-06-04,39.06,expired
133,70,POL11492,"{""brand"": ""Nissan"", ""model"": ""Person"", ""year"": 2007, ""license_plate"": ""ScL1666"", ""color"": ""CadetBlue""}","[{""coverage"": ""liability"", ""max_value"": 50000, ""premium"": 10.31}, {""coverage"": ""collision"", ""max_value"": 100000, ""premium"": 29.58}]",2024-12-22,2025-12-22,39.89,active
134,71,POL97105,"{""brand"": ""Toyota"", ""model"": ""Control"", ""year"": 2022, ""license_plate"": ""wEK8404"", ""color"": ""Crimson""}","[{""coverage"": ""liability"", ""max_value"": 50000, ""premium"": 12.06}, {""coverage"": ""collision"", ""max_value"": 100000, ""premium"": 22.37}]",2024-07-04,2025-07-04,34.43,expired
135,71,POL56563,"{""brand"": ""Nissan"", ""model"": ""Memory"", ""year"": 2006, ""license_plate"": ""hQu5607"", ""color"": ""MediumPurple""}","[{""coverage"": ""liability"", ""max_value"": 50000, ""premium"": 14.7}, {""coverage"": ""collision"", ""max_value"": 100000, ""premium"": 27.8}]",2025-06-09,2026-06-09,42.5,cancelled
136,71,POL00421,"{""brand"": ""Ford"", ""model"": ""Common"", ""year"": 2009, ""license_plate"": ""RCU0908"", ""color"": ""LightGreen""}","[{""coverage"": ""liability"", ""max_value"": 50000, ""premium"": 11.26}, {""coverage"": ""collision"", ""max_value"": 100000, ""premium"": 23.12}]",2023-07-19,2024-07-18,34.38,expired
137,72,POL86526,"{""brand"": ""Honda"", ""model"": ""Money"", ""year"": 2020, ""license_plate"": ""gFU4800"", ""color"": ""Crimson""}","[{""coverage"": ""liability"", ""max_value"": 50000, ""premium"": 12.64}, {""coverage"": ""collision"", ""max_value"": 100000, ""premium"": 24.76}]",2024-12-05,2025-12-05,37.4,expired
138,73,POL80782,"{""brand"": ""Chevrolet"", ""model"": ""Too"", ""year"": 2006, ""license_plate"": ""ELk4353"", ""color"": ""Peru""}","[{""coverage"": ""liability"", ""max_value"": 50000, ""premium"": 13.8}, {""coverage"": ""collision"", ""max_value"": 100000, ""premium"": 20.92}]",2023-12-08,2024-12-07,34.72,expired
139,73,POL55035,"{""brand"": ""Honda"", ""model"": ""School"", ""year"": 2006, ""license_plate"": ""AtL9641"", ""color"": ""Salmon""}","[{""coverage"": ""liability"", ""max_value"": 50000, ""premium"": 9.25}, {""coverage"": ""collision"", ""max_value"": 100000, ""premium"": 27.74}]",2024-01-15,2025-01-14,36.99,cancelled
140,73,POL17786,"{""brand"": ""Chevrolet"", ""model"": ""Pull"", ""year"": 2018, ""license_plate"": ""mmZ9440"", ""color"": ""LightSlateGray""}","[{""coverage"": ""liability"", ""max_value"": 50000, ""premium"": 9.36}, {""coverage"": ""collision"", ""max_value"": 100000, ""premium"": 29.16}]",2024-12-07,2025-12-07,38.52,active
141,74,POL46501,"{""brand"": ""Nissan"", ""model"": ""Difficult"", ""year"": 2004, ""license_plate"": ""Qkm7264"", ""color"": ""DarkSlateBlue""}","[{""coverage"": ""liability"", ""max_value"": 50000, ""premium"": 8.43}, {""coverage"": ""collision"", ""max_value"": 100000, ""premium"": 25.9}]",2023-12-12,2024-12-11,34.33,expired
142,74,POL03173,"{""brand"": ""Chevrolet"", ""model"": ""Value"", ""year"": 2007, ""license_plate"": ""pIl9224"", ""color"": ""Tomato""}","[{""coverage"": ""liability"", ""max_value"": 50000, ""premium"": 13.17}, {""coverage"": ""collision"", ""max_value"": 100000, ""premium"": 29.92}]",2025-05-02,2026-05-02,43.09,expired
143,75,POL67668,"{""brand"": ""Ford"", ""model"": ""Such"", ""year"": 2019, ""license_plate"": ""CVU2713"", ""color"": ""DarkRed""}","[{""coverage"": ""liability"", ""max_value"": 50000, ""premium"": 5.86}, {""coverage"": ""collision"", ""max_value"": 100000, ""premium"": 20.86}]",2025-01-14,2026-01-14,26.72,cancelled
144,76,POL16780,"{""brand"": ""Chevrolet"", ""model"": ""Significant"", ""year"": 2001, ""license_plate"": ""eGm8697"", ""color"": ""Purple""}","[{""coverage"": ""liability"", ""max_value"": 50000, ""premium"": 8.95}, {""coverage"": ""collision"", ""max_value"": 100000, ""premium"": 24.67}]",2025-02-07,2026-02-07,33.62,cancelled
145,77,POL26006,"{""brand"": ""Ford"", ""model"": ""Yourself"", ""year"": 2012, ""license_plate"": ""eHQ7705"", ""color"": ""Turquoise""}","[{""coverage"": ""liability"", ""max_value"": 50000, ""premium"": 11.63}, {""coverage"": ""collision"", ""max_value"": 100000, ""premium"": 28.28}]",2024-12-18,2025-12-18,39.91,cancelled
146,77,POL74881,"{""brand"": ""Honda"", ""model"": ""Get"", ""year"": 2016, ""license_plate"": ""utR2870"", ""color"": ""GoldenRod""}","[{""coverage"": ""liability"", ""max_value"": 50000, ""premium"": 12.09}, {""coverage"": ""collision"", ""max_value"": 100000, ""premium"": 26.06}]",2024-07-04,2025-07-04,38.15,cancelled
147,78,POL99155,"{""brand"": ""Honda"", ""model"": ""Personal"", ""year"": 2022, ""license_plate"": ""PrW0269"", ""color"": ""LightSalmon""}","[{""coverage"": ""liability"", ""max_value"": 50000, ""premium"": 11.41}, {""coverage"": ""collision"", ""max_value"": 100000, ""premium"": 24.64}]",2025-06-25,2026-06-25,36.05,expired
148,78,POL28418,"{""brand"": ""Honda"", ""model"": ""Commercial"", ""year"": 2001, ""license_plate"": ""EFK2607"", ""color"": ""Peru""}","[{""coverage"": ""liability"", ""max_value"": 50000, ""premium"": 11.25}, {""coverage"": ""collision"", ""max_value"": 100000, ""premium"": 23.5}]",2025-05-13,2026-05-13,34.75,cancelled
149,78,POL70720,"{""brand"": ""Toyota"", ""model"": ""Away"", ""year"": 2011, ""license_plate"": ""XQi9119"", ""color"": ""Tomato""}","[{""coverage"": ""liability"", ""max_value"": 50000, ""premium"": 10.21}, {""coverage"": ""collision"", ""max_value"": 100000, ""premium"": 21.9}]",2023-10-30,2024-10-29,32.11,active
150,79,POL68503,"{""brand"": ""Honda"", ""model"": ""Movement"", ""year"": 2013, ""license_plate"": ""oLW9803"", ""color"": ""LightPink""}","[{""coverage"": ""liability"", ""max_value"": 50000, ""premium"": 7.02}, {""coverage"": ""collision"", ""max_value"": 100000, ""premium"": 26.24}]",2024-02-18,2025-02-17,33.26,active
151,80,POL65113,"{""brand"": ""Toyota"", ""model"": ""World"", ""year"": 2008, ""license_plate"": ""EKr6181"", ""color"": ""Fuchsia""}","[{""coverage"": ""liability"", ""max_value"": 50000, ""premium"": 6.02}, {""coverage"": ""collision"", ""max_value"": 100000, ""premium"": 28.12}]",2025-04-20,2026-04-20,34.14,cancelled
152,81,POL57577,"{""brand"": ""Toyota"", ""model"": ""Alone"", ""year"": 2022, ""license_plate"": ""ZkM6151"", ""color"": ""MediumSeaGreen""}","[{""coverage"": ""liability"", ""max_value"": 50000, ""premium"": 6.22}, {""coverage"": ""collision"", ""max_value"": 100000, ""premium"": 23.89}]",2024-11-17,2025-11-17,30.11,cancelled
153,81,POL63532,"{""brand"": ""Nissan"", ""model"": ""Arm"", ""year"": 2003, ""license_plate"": ""Trd2022"", ""color"": ""SteelBlue""}","[{""coverage"": ""liability"", ""max_value"": 50000, ""premium"": 6.7}, {""coverage"": ""collision"", ""max_value"": 100000, ""premium"": 23.04}]",2025-05-02,2026-05-02,29.74,expired
154,81,POL46340,"{""brand"": ""Honda"", ""model"": ""Late"", ""year"": 2021, ""license_plate"": ""WqN5427"", ""color"": ""Yellow""}","[{""coverage"": ""liability"", ""max_value"": 50000, ""premium"": 13.24}, {""coverage"": ""collision"", ""max_value"": 100000, ""premium"": 25.65}]",2024-02-14,2025-02-13,38.89,expired
155,82,POL42912,"{""brand"": ""Chevrolet"", ""model"": ""Score"", ""year"": 2010, ""license_plate"": ""hYc6554"", ""color"": ""GhostWhite""}","[{""coverage"": ""liability"", ""max_value"": 50000, ""premium"": 10.57}, {""coverage"": ""collision"", ""max_value"": 100000, ""premium"": 28.91}]",2025-03-24,2026-03-24,39.48,cancelled
156,83,POL12256,"{""brand"": ""Nissan"", ""model"": ""Picture"", ""year"": 2017, ""license_plate"": ""gKT1645"", ""color"": ""Tomato""}","[{""coverage"": ""liability"", ""max_value"": 50000, ""premium"": 6.64}, {""coverage"": ""collision"", ""max_value"": 100000, ""premium"": 23.02}]",2023-12-03,2024-12-02,29.66,cancelled
157,83,POL60690,"{""brand"": ""Toyota"", ""model"": ""Throughout"", ""year"": 2014, ""license_plate"": ""FtG2070"", ""color"": ""GoldenRod""}","[{""coverage"": ""liability"", ""max_value"": 50000, ""premium"": 12.44}, {""coverage"": ""collision"", ""max_value"": 100000, ""premium"": 23.15}]",2024-08-21,2025-08-21,35.59,cancelled
158,83,POL76058,"{""brand"": ""Ford"", ""model"": ""Couple"", ""year"": 2001, ""license_plate"": ""sKv1776"", ""color"": ""Teal""}","[{""coverage"": ""liability"", ""max_value"": 50000, ""premium"": 8.35}, {""coverage"": ""collision"", ""max_value"": 100000, ""premium"": 27.42}]",2024-10-24,2025-10-24,35.77,cancelled
159,84,POL29981,"{""brand"": ""Nissan"", ""model"": ""Clearly"", ""year"": 2013, ""license_plate"": ""ZOd6162"", ""color"": ""SkyBlue""}","[{""coverage"": ""liability"", ""max_value"": 50000, ""premium"": 5.08}, {""coverage"": ""collision"", ""max_value"": 100000, ""premium"": 29.42}]",2024-07-16,2025-07-16,34.5,cancelled
160,84,POL76181,"{""brand"": ""Toyota"", ""model"": ""Image"", ""year"": 2022, ""license_plate"": ""EgN8008"", ""color"": ""LightSalmon""}","[{""coverage"": ""liability"", ""max_value"": 50000, ""premium"": 6.38}, {""coverage"": ""collision"", ""max_value"": 100000, ""premium"": 26.36}]",2024-08-11,2025-08-11,32.74,cancelled
161,85,POL86894,"{""brand"": ""Honda"", ""model"": ""Onto"", ""year"": 2009, ""license_plate"": ""BBh6047"", ""color"": ""Orange""}","[{""coverage"": ""liability"", ""max_value"": 50000, ""premium"": 12.14}, {""coverage"": ""collision"", ""max_value"": 100000, ""premium"": 20.04}]",2024-03-31,2025-03-31,32.18,cancelled
162,85,POL06826,"{""brand"": ""Honda"", ""model"": ""Black"", ""year"": 2002, ""license_plate"": ""xgP9118"", ""color"": ""Peru""}","[{""coverage"": ""liability"", ""max_value"": 50000, ""premium"": 5.78}, {""coverage"": ""collision"", ""max_value"": 100000, ""premium"": 24.07}]",2024-10-07,2025-10-07,29.85,active
163,85,POL39319,"{""brand"": ""Ford"", ""model"": ""Career"", ""year"": 2019, ""license_plate"": ""kew1952"", ""color"": ""Violet""}","[{""coverage"": ""liability"", ""max_value"": 50000, ""premium"": 12.37}, {""coverage"": ""collision"", ""max_value"": 100000, ""premium"": 29.39}]",2024-07-04,2025-07-04,41.76,active
164,86,POL90138,"{""brand"": ""Nissan"", ""model"": ""Do"", ""year"": 2008, ""license_plate"": ""brn0334"", ""color"": ""Aqua""}","[{""coverage"": ""liability"", ""max_value"": 50000, ""premium"": 7.24}, {""coverage"": ""collision"", ""max_value"": 100000, ""premium"": 26.18}]",2025-05-17,2026-05-17,33.42,expired
165,87,POL22360,"{""brand"": ""Ford"", ""model"": ""Grow"", ""year"": 2011, ""license_plate"": ""Esz7857"", ""color"": ""DarkSlateGray""}","[{""coverage"": ""liability"", ""max_value"": 50000, ""premium"": 14.47}, {""coverage"": ""collision"", ""max_value"": 100000, ""premium"": 26.13}]",2025-06-18,2026-06-18,40.6,expired
166,88,POL19052,"{""brand"": ""Ford"", ""model"": ""Your"", ""year"": 2023, ""license_plate"": ""mri9422"", ""color"": ""IndianRed""}","[{""coverage"": ""liability"", ""max_value"": 50000, ""premium"": 8.12}, {""coverage"": ""collision"", ""max_value"": 100000, ""premium"": 29.07}]",2025-04-04,2026-04-04,37.19,active
167,88,POL75497,"{""brand"": ""Ford"", ""model"": ""Occur"", ""year"": 2018, ""license_plate"": ""kNk1053"", ""color"": ""SandyBrown""}","[{""coverage"": ""liability"", ""max_value"": 50000, ""premium"": 7.4}, {""coverage"": ""collision"", ""max_value"": 100000, ""premium"": 26.32}]",2025-01-31,2026-01-31,33.72,cancelled
168,89,POL97423,"{""brand"": ""Nissan"", ""model"": ""Recent"", ""year"": 2014, ""license_plate"": ""FRX8485"", ""color"": ""OliveDrab""}","[{""coverage"": ""liability"", ""max_value"": 50000, ""premium"": 5.13}, {""coverage"": ""collision"", ""max_value"": 100000, ""premium"": 28.21}]",2024-10-28,2025-10-28,33.34,expired
169,89,POL58910,"{""brand"": ""Honda"", ""model"": ""Ready"", ""year"": 2014, ""license_plate"": ""wav5216"", ""color"": ""Cornsilk""}","[{""coverage"": ""liability"", ""max_value"": 50000, ""premium"": 5.58}, {""coverage"": ""collision"", ""max_value"": 100000, ""premium"": 27.28}]",2025-02-08,2026-02-08,32.86,active
170,89,POL70681,"{""brand"": ""Ford"", ""model"": ""Pull"", ""year"": 2024, ""license_plate"": ""DJW0949"", ""color"": ""DeepPink""}","[{""coverage"": ""liability"", ""max_value"": 50000, ""premium"": 12.18}, {""coverage"": ""collision"", ""max_value"": 100000, ""premium"": 27.38}]",2024-12-02,2025-12-02,39.56,expired
171,90,POL63874,"{""brand"": ""Toyota"", ""model"": ""Choice"", ""year"": 2017, ""license_plate"": ""TVW2675"", ""color"": ""LightBlue""}","[{""coverage"": ""liability"", ""max_value"": 50000, ""premium"": 8.95}, {""coverage"": ""collision"", ""max_value"": 100000, ""premium"": 22.55}]",2024-06-14,2025-06-14,31.5,active
172,90,POL41324,"{""brand"": ""Ford"", ""model"": ""Deal"", ""year"": 2016, ""license_plate"": ""dPI4851"", ""color"": ""NavajoWhite""}","[{""coverage"": ""liability"", ""max_value"": 50000, ""premium"": 8.45}, {""coverage"": ""collision"", ""max_value"": 100000, ""premium"": 25.83}]",2024-09-05,2025-09-05,34.28,cancelled
173,90,POL04509,"{""brand"": ""Chevrolet"", ""model"": ""Nature"", ""year"": 2008, ""license_plate"": ""wOi4626"", ""color"": ""AliceBlue""}","[{""coverage"": ""liability"", ""max_value"": 50000, ""premium"": 13.27}, {""coverage"": ""collision"", ""max_value"": 100000, ""premium"": 27.9}]",2024-04-11,2025-04-11,41.17,active
174,91,POL30136,"{""brand"": ""Toyota"", ""model"": ""Fly"", ""year"": 2024, ""license_plate"": ""QvK1901"", ""color"": ""White""}","[{""coverage"": ""liability"", ""max_value"": 50000, ""premium"": 11.26}, {""coverage"": ""collision"", ""max_value"": 100000, ""premium"": 28.98}]",2024-11-04,2025-11-04,40.24,expired
175,92,POL85755,"{""brand"": ""Honda"", ""model"": ""Instead"", ""year"": 2011, ""license_plate"": ""SjV9811"", ""color"": ""YellowGreen""}","[{""coverage"": ""liability"", ""max_value"": 50000, ""premium"": 7.22}, {""coverage"": ""collision"", ""max_value"": 100000, ""premium"": 24.14}]",2025-01-22,2026-01-22,31.36,cancelled
176,92,POL28247,"{""brand"": ""Toyota"", ""model"": ""Task"", ""year"": 2007, ""license_plate"": ""Shg5269"", ""color"": ""MediumPurple""}","[{""coverage"": ""liability"", ""max_value"": 50000, ""premium"": 6.48}, {""coverage"": ""collision"", ""max_value"": 100000, ""premium"": 29.09}]",2024-01-09,2025-01-08,35.57,active
177,92,POL34960,"{""brand"": ""Toyota"", ""model"": ""Discussion"", ""year"": 2020, ""license_plate"": ""kGT0402"", ""color"": ""Bisque""}","[{""coverage"": ""liability"", ""max_value"": 50000, ""premium"": 13.64}, {""coverage"": ""collision"", ""max_value"": 100000, ""premium"": 29.02}]",2024-10-13,2025-10-13,42.66,cancelled
178,93,POL77858,"{""brand"": ""Chevrolet"", ""model"": ""State"", ""year"": 2017, ""license_plate"": ""suo3505"", ""color"": ""CornflowerBlue""}","[{""coverage"": ""liability"", ""max_value"": 50000, ""premium"": 7.02}, {""coverage"": ""collision"", ""max_value"": 100000, ""premium"": 26.68}]",2024-10-04,2025-10-04,33.7,cancelled
179,94,POL54285,"{""brand"": ""Chevrolet"", ""model"": ""Listen"", ""year"": 2014, ""license_plate"": ""iSt4028"", ""color"": ""Green""}","[{""coverage"": ""liability"", ""max_value"": 50000, ""premium"": 5.86}, {""coverage"": ""collision"", ""max_value"": 100000, ""premium"": 20.01}]",2025-01-21,2026-01-21,25.87,active
180,95,POL29795,"{""brand"": ""Ford"", ""model"": ""Take"", ""year"": 2005, ""license_plate"": ""DKO3425"", ""color"": ""PaleGreen""}","[{""coverage"": ""liability"", ""max_value"": 50000, ""premium"": 10.02}, {""coverage"": ""collision"", ""max_value"": 100000, ""premium"": 25.9}]",2023-12-11,2024-12-10,35.92,expired
181,95,POL51094,"{""brand"": ""Ford"", ""model"": ""Pay"", ""year"": 2009, ""license_plate"": ""Wve3133"", ""color"": ""DarkCyan""}","[{""coverage"": ""liability"", ""max_value"": 50000, ""premium"": 9.58}, {""coverage"": ""collision"", ""max_value"": 100000, ""premium"": 27.09}]",2024-02-12,2025-02-11,36.67,expired
182,96,POL38410,"{""brand"": ""Honda"", ""model"": ""Measure"", ""year"": 2013, ""license_plate"": ""miO2327"", ""color"": ""Orange""}","[{""coverage"": ""liability"", ""max_value"": 50000, ""premium"": 8.1}, {""coverage"": ""collision"", ""max_value"": 100000, ""premium"": 21.71}]",2024-05-08,2025-05-08,29.81,expired
183,96,POL46789,"{""brand"": ""Ford"", ""model"": ""Forget"", ""year"": 2007, ""license_plate"": ""bJu4394"", ""color"": ""Green""}","[{""coverage"": ""liability"", ""max_value"": 50000, ""premium"": 8.67}, {""coverage"": ""collision"", ""max_value"": 100000, ""premium"": 27.5}]",2024-06-13,2025-06-13,36.17,cancelled
184,97,POL52520,"{""brand"": ""Chevrolet"", ""model"": ""Most"", ""year"": 2001, ""license_plate"": ""fxl7397"", ""color"": ""Beige""}","[{""coverage"": ""liability"", ""max_value"": 50000, ""premium"": 10.69}, {""coverage"": ""collision"", ""max_value"": 100000, ""premium"": 28.97}]",2024-09-04,2025-09-04,39.66,expired
185,97,POL90505,"{""brand"": ""Nissan"", ""model"": ""A"", ""year"": 2021, ""license_plate"": ""njI5255"", ""color"": ""SlateGray""}","[{""coverage"": ""liability"", ""max_value"": 50000, ""premium"": 5.85}, {""coverage"": ""collision"", ""max_value"": 100000, ""premium"": 29.38}]",2023-08-13,2024-08-12,35.23,expired
186,98,POL27192,"{""brand"": ""Honda"", ""model"": ""Region"", ""year"": 2019, ""license_plate"": ""rPf2138"", ""color"": ""Maroon""}","[{""coverage"": ""liability"", ""max_value"": 50000, ""premium"": 7.24}, {""coverage"": ""collision"", ""max_value"": 100000, ""premium"": 21.91}]",2023-07-03,2024-07-02,29.15,cancelled
187,98,POL40879,"{""brand"": ""Ford"", ""model"": ""Reflect"", ""year"": 2005, ""license_plate"": ""EqZ4288"", ""color"": ""Cyan""}","[{""coverage"": ""liability"", ""max_value"": 50000, ""premium"": 14.1}, {""coverage"": ""collision"", ""max_value"": 100000, ""premium"": 27.79}]",2024-12-02,2025-12-02,41.89,active
188,99,POL11056,"{""brand"": ""Nissan"", ""model"": ""Food"", ""year"": 2009, ""license_plate"": ""xcQ5162"", ""color"": ""HoneyDew""}","[{""coverage"": ""liability"", ""max_value"": 50000, ""premium"": 10.35}, {""coverage"": ""collision"", ""max_value"": 100000, ""premium"": 25.12}]",2024-11-10,2025-11-10,35.47,cancelled
189,99,POL15752,"{""brand"": ""Toyota"", ""model"": ""Figure"", ""year"": 2008, ""license_plate"": ""IIG4319"", ""color"": ""DarkCyan""}","[{""coverage"": ""liability"", ""max_value"": 50000, ""premium"": 5.42}, {""coverage"": ""collision"", ""max_value"": 100000, ""premium"": 20.42}]",2023-07-24,2024-07-23,25.84,active
190,100,POL57456,"{""brand"": ""Honda"", ""model"": ""Many"", ""year"": 2009, ""license_plate"": ""llm7451"", ""color"": ""FloralWhite""}","[{""coverage"": ""liability"", ""max_value"": 50000, ""premium"": 12.15}, {""coverage"": ""collision"", ""max_value"": 100000, ""premium"": 28.21}]",2024-01-06,2025-01-05,40.36,expired
191,100,POL22508,"{""brand"": ""Chevrolet"", ""model"": ""Baby"", ""year"": 2023, ""license_plate"": ""faq3762"", ""color"": ""PaleTurquoise""}","[{""coverage"": ""liability"", ""max_value"": 50000, ""premium"": 6.46}, {""coverage"": ""collision"", ""max_value"": 100000, ""premium"": 25.34}]",2025-02-14,2026-02-14,31.8,expired
192,100,POL44209,"{""brand"": ""Chevrolet"", ""model"": ""Training"", ""year"": 2024, ""license_plate"": ""qMM5883"", ""color"": ""Snow""}","[{""coverage"": ""liability"", ""max_value"": 50000, ""premium"": 10.58}, {""coverage"": ""collision"", ""max_value"": 100000, ""premium"": 27.8}]",2023-10-07,2024-10-06,38.38,cancelled
